DATE,SERIES,OPEN,HIGH,LOW,PREV. CLOSE,LTP,CLOSE,VWAP,52W H,52W L,VOLUME,VALUE,NO. OF  TRADES
17-Apr-2026,EQ,"6,305.50","6,325.00","6,212.00","6,293.50","6,228.00","6,229.00","6,262.82","7,071.50","5,596.00",169295,"1,06,02,63,634.50",19374
16-Apr-2026,EQ,"6,200.00","6,313.00","6,180.00","6,177.50","6,297.00","6,293.50","6,269.00","7,071.50","5,596.00",350424,"2,19,68,09,280.50",36437
15-Apr-2026,EQ,"6,124.00","6,184.00","6,101.00","6,070.00","6,179.00","6,177.50","6,153.61","7,071.50","5,596.00",251355,"1,54,67,39,945.00",31420
13-Apr-2026,EQ,"6,009.00","6,116.00","5,970.00","6,116.50","6,078.00","6,070.00","6,058.58","7,071.50","5,596.00",211392,"1,28,07,34,608.00",27901
10-Apr-2026,EQ,"5,931.00","6,130.00","5,931.00","5,952.50","6,120.00","6,116.50","6,060.35","7,071.50","4,955.00",334871,"2,02,94,34,390.50",36159
09-Apr-2026,EQ,"5,852.00","5,964.00","5,852.00","5,882.00","5,955.50","5,952.50","5,927.34","7,071.50","4,955.00",237284,"1,40,64,62,914.00",30910
08-Apr-2026,EQ,"5,920.00","5,984.50","5,870.00","5,850.00","5,888.50","5,882.00","5,915.20","7,071.50","4,955.00",302280,"1,78,80,45,643.00",31142
07-Apr-2026,EQ,"5,788.00","5,907.00","5,708.00","5,821.00","5,865.00","5,850.00","5,824.75","7,071.50","4,955.00",347412,"2,02,35,89,334.50",32801
06-Apr-2026,EQ,"5,860.00","5,903.50","5,727.00","5,856.50","5,830.00","5,821.00","5,802.15","7,071.50","4,955.00",346192,"2,00,86,57,353.50",37368
02-Apr-2026,EQ,"5,851.00","5,869.50","5,647.50","5,906.50","5,848.50","5,856.50","5,759.59","7,071.50","4,955.00",513534,"2,95,77,46,750.00",53164
01-Apr-2026,EQ,"6,002.00","6,123.00","5,834.00","5,947.00","5,905.00","5,906.50","5,947.14","7,071.50","4,955.00",546653,"3,25,10,20,565.00",57663
30-Mar-2026,EQ,"5,960.00","5,990.00","5,901.50","5,997.50","5,960.00","5,947.00","5,935.85","7,071.50","4,955.00",492229,"2,92,17,95,906.00",51227
27-Mar-2026,EQ,"6,011.50","6,060.00","5,935.00","6,014.50","6,045.00","5,997.50","6,006.04","7,071.50","4,955.00",540647,"3,24,71,47,812.00",59116
25-Mar-2026,EQ,"6,026.00","6,137.50","5,996.50","6,026.00","6,015.00","6,014.50","6,064.87","7,071.50","4,955.00",250204,"1,51,74,54,859.50",44561
24-Mar-2026,EQ,"6,090.00","6,092.00","5,946.00","6,013.50","6,020.00","6,026.00","6,021.07","7,071.50","4,955.00",228968,"1,37,86,32,945.00",48329
23-Mar-2026,EQ,"6,036.50","6,047.00","5,982.00","6,100.00","6,015.00","6,013.50","6,011.95","7,071.50","4,955.00",227221,"1,36,60,41,681.00",31049
20-Mar-2026,EQ,"6,050.00","6,180.00","6,030.50","5,972.50","6,101.00","6,100.00","6,101.06","7,071.50","4,955.00",283471,"1,72,94,74,421.00",24582
19-Mar-2026,EQ,"6,100.00","6,117.00","5,955.00","6,140.00","5,998.00","5,972.50","6,027.72","7,071.50","4,955.00",122495,"73,83,65,311.50",17460
18-Mar-2026,EQ,"6,086.50","6,183.00","6,086.50","6,086.50","6,124.00","6,140.00","6,143.72","7,071.50","4,955.00",180112,"1,10,65,57,476.00",23477
17-Mar-2026,EQ,"6,074.00","6,147.00","6,051.50","6,071.00","6,090.00","6,086.50","6,096.70","7,071.50","4,955.00",183604,"1,11,93,77,786.00",28234
16-Mar-2026,EQ,"6,010.00","6,130.00","5,927.00","6,071.00","6,066.50","6,071.00","6,019.21","7,071.50","4,955.00",282845,"1,70,25,04,555.00",42125
13-Mar-2026,EQ,"6,275.00","6,326.00","6,055.00","6,282.00","6,070.00","6,071.00","6,136.26","7,071.50","4,955.00",200936,"1,23,29,95,153.50",31518
12-Mar-2026,EQ,"6,330.00","6,330.50","6,221.00","6,352.50","6,285.50","6,282.00","6,274.31","7,071.50","4,955.00",153876,"96,54,65,172.50",21740
11-Mar-2026,EQ,"6,373.00","6,450.00","6,330.00","6,372.00","6,330.00","6,352.50","6,404.82","7,071.50","4,955.00",254117,"1,62,75,72,823.00",36464
10-Mar-2026,EQ,"6,364.50","6,479.00","6,354.00","6,330.00","6,379.00","6,372.00","6,413.55","7,071.50","4,955.00",298252,"1,91,28,52,744.00",44522
09-Mar-2026,EQ,"6,277.00","6,364.00","6,173.50","6,329.00","6,333.50","6,330.00","6,296.66","7,071.50","4,955.00",260778,"1,64,20,29,792.00",26665
06-Mar-2026,EQ,"6,340.00","6,428.00","6,315.00","6,364.50","6,325.00","6,329.00","6,382.42","7,071.50","4,955.00",269349,"1,71,90,98,991.50",34855
05-Mar-2026,EQ,"6,316.50","6,395.00","6,300.00","6,316.00","6,350.00","6,364.50","6,341.60","7,071.50","4,955.00",291293,"1,84,72,62,776.00",32140
04-Mar-2026,EQ,"6,340.00","6,363.50","6,238.50","6,403.50","6,281.50","6,316.00","6,299.87","7,071.50","4,955.00",369392,"2,32,71,22,417.50",42339
02-Mar-2026,EQ,"6,271.50","6,419.00","6,263.50","6,408.50","6,400.00","6,403.50","6,366.16","7,071.50","4,955.00",300339,"1,91,20,05,284.50",26244
27-Feb-2026,EQ,"6,424.00","6,475.00","6,383.50","6,474.00","6,395.50","6,408.50","6,418.99","7,071.50","4,955.00",466870,"2,99,68,32,963.50",45975
26-Feb-2026,EQ,"6,442.00","6,564.50","6,376.00","6,395.50","6,454.50","6,474.00","6,470.06","7,071.50","4,955.00",392374,"2,53,86,81,362.50",39948
25-Feb-2026,EQ,"6,254.50","6,418.00","6,250.00","6,255.50","6,387.50","6,395.50","6,346.37","7,071.50","4,955.00",348440,"2,21,13,27,823.50",22639
24-Feb-2026,EQ,"6,255.00","6,293.50","6,226.50","6,293.50","6,275.00","6,255.50","6,253.70","7,071.50","4,955.00",92139,"57,62,09,513.00",15092
23-Feb-2026,EQ,"6,337.00","6,343.50","6,245.50","6,291.00","6,253.50","6,293.50","6,294.80","7,071.50","4,955.00",97285,"61,23,89,573.50",15251
20-Feb-2026,EQ,"6,297.50","6,320.00","6,251.50","6,297.50","6,292.00","6,291.00","6,294.60","7,071.50","4,955.00",338573,"2,13,11,82,990.00",26636
19-Feb-2026,EQ,"6,255.00","6,350.00","6,251.00","6,283.50","6,275.00","6,297.50","6,314.64","7,071.50","4,955.00",185828,"1,17,34,37,098.00",19010
18-Feb-2026,EQ,"6,165.00","6,299.00","6,165.00","6,187.50","6,272.00","6,283.50","6,248.96","7,071.50","4,955.00",438670,"2,74,12,33,072.00",40514
17-Feb-2026,EQ,"6,125.50","6,230.00","6,102.50","6,149.50","6,195.00","6,187.50","6,186.60","7,071.50","4,955.00",151261,"93,57,91,656.00",19060
16-Feb-2026,EQ,"6,105.50","6,222.00","6,008.50","6,168.50","6,120.00","6,149.50","6,181.99","7,071.50","4,955.00",175634,"1,08,57,67,385.00",16953
13-Feb-2026,EQ,"6,141.00","6,200.00","6,054.00","6,185.00","6,177.00","6,168.50","6,140.13","7,071.50","4,955.00",299364,"1,83,81,34,184.50",38739
12-Feb-2026,EQ,"6,448.00","6,448.00","6,131.50","6,386.50","6,173.50","6,185.00","6,229.74","7,071.50","4,955.00",1200795,"7,48,06,34,727.00",104048
11-Feb-2026,EQ,"6,194.00","6,793.00","6,126.00","6,175.50","6,394.50","6,386.50","6,281.96","7,071.50","4,955.00",1263189,"7,93,53,03,881.00",74744
10-Feb-2026,EQ,"6,153.00","6,228.00","6,151.00","6,113.50","6,153.00","6,175.50","6,185.85","7,071.50","4,955.00",237887,"1,47,15,33,497.00",48216
09-Feb-2026,EQ,"6,079.00","6,150.00","6,041.00","6,024.50","6,140.00","6,113.50","6,090.12","7,071.50","4,955.00",219396,"1,33,61,48,507.00",40841
06-Feb-2026,EQ,"6,081.50","6,099.50","5,939.00","6,141.50","6,025.00","6,024.50","5,991.10","7,071.50","4,955.00",433945,"2,59,98,07,936.00",49561
05-Feb-2026,EQ,"6,054.00","6,173.00","5,936.00","6,054.50","6,126.00","6,141.50","6,055.72","7,071.50","4,955.00",370561,"2,24,40,14,225.50",41464
04-Feb-2026,EQ,"6,225.00","6,225.00","6,021.50","6,209.00","6,060.00","6,054.50","6,074.44","7,071.50","4,955.00",327213,"1,98,76,34,857.50",46668
03-Feb-2026,EQ,"6,150.00","6,304.50","6,150.00","5,952.50","6,194.00","6,209.00","6,237.46","7,071.50","4,955.00",454227,"2,83,32,23,178.00",51236
02-Feb-2026,EQ,"6,056.00","6,056.50","5,890.00","6,056.00","5,968.50","5,952.50","5,943.87","7,071.50","4,955.00",400656,"2,38,14,46,903.00",41131
01-Feb-2026,EQ,"6,080.50","6,120.00","5,940.50","6,051.00","6,002.00","6,056.00","6,054.93","7,071.50","4,955.00",144120,"87,26,36,947.50",16303
30-Jan-2026,EQ,"6,041.00","6,080.00","5,974.50","6,041.00","6,025.50","6,051.00","6,032.74","7,071.50","4,955.00",347165,"2,09,43,57,561.00",45589
29-Jan-2026,EQ,"6,181.50","6,222.00","5,991.50","6,188.00","6,040.00","6,041.00","6,063.17","7,071.50","4,955.00",405502,"2,45,86,29,543.00",60879
28-Jan-2026,EQ,"6,100.00","6,256.00","6,062.00","6,056.00","6,217.50","6,188.00","6,150.03","7,071.50","4,955.00",335259,"2,06,18,52,589.00",33715
27-Jan-2026,EQ,"6,065.50","6,087.50","6,000.00","6,011.50","6,055.00","6,056.00","6,052.64","7,071.50","4,955.00",367912,"2,22,68,39,112.50",43039
23-Jan-2026,EQ,"6,099.50","6,145.00","5,987.00","6,071.00","6,009.50","6,011.50","6,034.13","7,071.50","4,955.00",460503,"2,77,87,33,716.50",49529
22-Jan-2026,EQ,"6,021.00","6,135.00","6,010.00","6,010.00","6,088.00","6,071.00","6,079.29","7,071.50","4,955.00",372206,"2,26,27,46,597.50",23667
21-Jan-2026,EQ,"6,005.00","6,092.50","5,955.00","6,013.00","6,002.50","6,010.00","6,017.15","7,071.50","4,955.00",324388,"1,95,18,91,414.00",33462
20-Jan-2026,EQ,"6,142.50","6,163.50","6,000.00","6,140.00","6,011.00","6,013.00","6,076.89","7,071.50","4,955.00",204440,"1,24,23,59,912.50",24431
19-Jan-2026,EQ,"6,236.00","6,257.50","6,100.00","6,236.00","6,140.00","6,140.00","6,156.94","7,071.50","4,955.00",351743,"2,16,56,59,678.00",39140
16-Jan-2026,EQ,"6,355.50","6,384.00","6,227.50","6,355.50","6,237.00","6,236.00","6,290.91","7,071.50","4,955.00",409423,"2,57,56,42,984.50",33189
14-Jan-2026,EQ,"6,405.00","6,462.00","6,345.50","6,436.50","6,351.00","6,355.50","6,394.98","7,071.50","4,955.00",524643,"3,35,50,83,135.50",36721
13-Jan-2026,EQ,"6,461.00","6,524.00","6,372.00","6,485.50","6,430.00","6,436.50","6,424.79","7,071.50","4,955.00",253726,"1,63,01,36,107.50",32700
12-Jan-2026,EQ,"6,635.00","6,635.50","6,340.00","6,616.50","6,489.50","6,485.50","6,433.36","7,071.50","4,955.00",665870,"4,28,37,81,506.00",63761
09-Jan-2026,EQ,"6,600.00","6,657.00","6,529.50","6,600.50","6,588.00","6,616.50","6,600.36","7,071.50","4,955.00",351042,"2,31,70,05,112.50",31233
08-Jan-2026,EQ,"6,645.00","6,700.00","6,580.50","6,642.50","6,608.00","6,600.50","6,627.84","7,071.50","4,955.00",331547,"2,19,74,42,079.50",35143
07-Jan-2026,EQ,"6,680.00","6,731.50","6,613.00","6,642.50","6,647.00","6,642.50","6,665.04","7,071.50","4,955.00",423884,"2,82,52,02,480.00",40933
06-Jan-2026,EQ,"6,405.50","6,660.00","6,393.00","6,363.50","6,651.00","6,642.50","6,580.76","7,071.50","4,955.00",732441,"4,82,00,17,037.00",60299
05-Jan-2026,EQ,"6,400.00","6,447.00","6,345.00","6,392.50","6,348.50","6,363.50","6,390.58","7,071.50","4,955.00",145454,"92,95,35,243.50",20117
02-Jan-2026,EQ,"6,351.00","6,398.00","6,332.50","6,344.00","6,392.00","6,392.50","6,369.33","7,071.50","4,955.00",108528,"69,12,50,750.50",14089
01-Jan-2026,EQ,"6,398.00","6,413.50","6,300.00","6,392.50","6,346.00","6,344.00","6,332.03","7,071.50","4,955.00",146473,"92,74,70,785.50",14323
31-Dec-2025,EQ,"6,499.50","6,499.50","6,366.00","6,360.50","6,398.00","6,392.50","6,395.20","7,071.50","4,955.00",273233,"1,74,73,80,147.50",29564
30-Dec-2025,EQ,"6,410.00","6,500.00","6,285.00","6,390.50","6,480.50","6,360.50","6,351.81","7,071.50","4,955.00",1927570,"12,24,35,64,489.50",100445
29-Dec-2025,EQ,"6,450.00","6,454.50","6,371.00","6,427.50","6,410.00","6,390.50","6,395.02","7,071.50","4,955.00",244981,"1,56,66,58,566.00",30473
26-Dec-2025,EQ,"6,495.00","6,547.00","6,402.00","6,496.50","6,430.00","6,427.50","6,454.33","7,071.50","4,955.00",252704,"1,63,10,35,276.50",34331
24-Dec-2025,EQ,"6,500.00","6,580.00","6,486.00","6,476.50","6,494.00","6,496.50","6,537.11","7,071.50","4,955.00",252785,"1,65,24,84,568.00",37827
23-Dec-2025,EQ,"6,521.50","6,552.00","6,448.00","6,511.50","6,480.00","6,476.50","6,491.68","7,071.50","4,955.00",192477,"1,24,94,99,826.50",31850
22-Dec-2025,EQ,"6,500.00","6,543.00","6,450.50","6,478.50","6,510.00","6,511.50","6,514.46","7,071.50","4,955.00",255434,"1,66,40,14,537.00",55454
19-Dec-2025,EQ,"6,410.00","6,598.00","6,408.50","6,380.00","6,460.00","6,478.50","6,516.12","7,071.50","4,955.00",785205,"5,11,64,92,017.00",72437
18-Dec-2025,EQ,"6,300.00","6,437.00","6,281.00","6,293.00","6,388.00","6,380.00","6,377.83","7,071.50","4,955.00",396678,"2,52,99,44,004.50",28375
17-Dec-2025,EQ,"6,312.00","6,374.50","6,280.50","6,335.50","6,290.00","6,293.00","6,323.41","7,071.50","4,955.00",194825,"1,23,19,58,301.00",31949
16-Dec-2025,EQ,"6,348.00","6,375.00","6,283.00","6,347.50","6,333.50","6,335.50","6,316.94","7,071.50","4,955.00",169831,"1,07,28,11,811.50",32025
15-Dec-2025,EQ,"6,410.00","6,416.00","6,330.50","6,426.50","6,365.00","6,347.50","6,370.89","7,071.50","4,955.00",131176,"83,57,07,261.00",24951
12-Dec-2025,EQ,"6,430.00","6,519.00","6,410.00","6,430.00","6,419.00","6,426.50","6,442.07","7,071.50","4,955.00",128635,"82,86,75,486.00",17442
11-Dec-2025,EQ,"6,300.50","6,498.00","6,274.00","6,294.50","6,422.00","6,430.00","6,426.74","7,071.50","4,955.00",264850,"1,70,21,21,400.00",44762
10-Dec-2025,EQ,"6,294.00","6,407.00","6,279.50","6,294.00","6,306.00","6,294.50","6,348.17","7,071.50","4,955.00",270852,"1,71,94,15,380.00",31578
09-Dec-2025,EQ,"6,320.00","6,341.50","6,265.00","6,328.50","6,272.00","6,294.00","6,297.83","7,071.50","4,955.00",236524,"1,48,95,88,499.50",32590
08-Dec-2025,EQ,"6,486.00","6,486.00","6,269.50","6,473.50","6,327.00","6,328.50","6,340.68","7,071.50","4,955.00",179082,"1,13,55,02,132.00",24619
05-Dec-2025,EQ,"6,467.00","6,486.50","6,394.50","6,469.00","6,486.00","6,473.50","6,447.16","7,071.50","4,955.00",148911,"96,00,52,708.00",22857
04-Dec-2025,EQ,"6,455.00","6,492.50","6,413.00","6,455.00","6,413.00","6,469.00","6,469.64","7,071.50","4,955.00",200558,"1,29,75,38,656.00",19816
03-Dec-2025,EQ,"6,419.50","6,467.50","6,342.50","6,417.50","6,460.00","6,455.00","6,429.04","7,071.50","4,955.00",278865,"1,79,28,35,512.50",36952
02-Dec-2025,EQ,"6,400.50","6,453.50","6,370.50","6,422.50","6,401.50","6,417.50","6,411.09","7,071.50","4,955.00",151910,"97,39,08,897.00",22149
01-Dec-2025,EQ,"6,500.50","6,524.50","6,404.50","6,477.00","6,419.50","6,422.50","6,448.12","7,071.50","4,955.00",100192,"64,60,50,217.00",17137
28-Nov-2025,EQ,"6,500.00","6,568.00","6,434.50","6,490.50","6,461.50","6,477.00","6,466.70","7,071.50","4,955.00",250130,"1,61,75,16,868.50",27940
27-Nov-2025,EQ,"6,514.50","6,542.00","6,451.00","6,510.00","6,498.00","6,490.50","6,490.66","7,071.50","4,955.00",95681,"62,10,32,508.00",17187
26-Nov-2025,EQ,"6,417.50","6,530.00","6,411.50","6,412.00","6,525.00","6,510.00","6,491.42","7,071.50","4,955.00",126970,"82,42,15,279.50",15917
25-Nov-2025,EQ,"6,355.00","6,443.00","6,341.00","6,359.00","6,410.00","6,412.00","6,397.84","7,071.50","4,955.00",179873,"1,15,07,99,271.50",23201
24-Nov-2025,EQ,"6,364.00","6,382.50","6,322.00","6,373.00","6,375.00","6,359.00","6,353.73","7,071.50","4,955.00",393803,"2,50,21,18,571.00",38604
21-Nov-2025,EQ,"6,462.00","6,462.00","6,355.50","6,462.50","6,360.00","6,373.00","6,399.88","7,071.50","4,955.00",130843,"83,73,79,876.50",18316
20-Nov-2025,EQ,"6,495.00","6,497.50","6,433.00","6,454.00","6,470.00","6,462.50","6,459.05","7,071.50","4,955.00",114162,"73,73,77,868.50",21848
19-Nov-2025,EQ,"6,510.00","6,512.00","6,434.00","6,473.50","6,443.00","6,454.00","6,461.71","7,071.50","4,955.00",128134,"82,79,64,532.50",22887
18-Nov-2025,EQ,"6,485.00","6,552.00","6,456.00","6,518.50","6,470.50","6,473.50","6,495.46","7,071.50","4,955.00",162830,"1,05,76,55,900.00",18380
17-Nov-2025,EQ,"6,528.00","6,559.00","6,476.00","6,511.50","6,546.00","6,518.50","6,515.18","7,071.50","4,955.00",242726,"1,58,14,02,821.50",30400
14-Nov-2025,EQ,"6,584.00","6,632.00","6,481.00","6,593.50","6,520.00","6,511.50","6,558.38","7,071.50","4,955.00",147365,"96,64,75,643.00",19437
13-Nov-2025,EQ,"6,525.50","6,645.00","6,473.00","6,520.00","6,600.00","6,593.50","6,552.16","7,071.50","4,955.00",397401,"2,60,38,36,602.00",41142
12-Nov-2025,EQ,"6,570.50","6,574.50","6,481.00","6,539.50","6,520.00","6,520.00","6,516.98","7,071.50","4,955.00",476290,"3,10,39,73,125.50",41433
11-Nov-2025,EQ,"6,711.00","6,725.00","6,489.00","6,691.50","6,528.00","6,539.50","6,548.60","7,071.50","4,955.00",388972,"2,54,72,21,919.50",50860
10-Nov-2025,EQ,"6,700.00","6,748.00","6,636.50","6,656.50","6,706.00","6,691.50","6,686.37","7,071.50","4,955.00",418569,"2,79,87,05,791.50",41074
07-Nov-2025,EQ,"6,874.50","6,892.00","6,601.50","6,883.50","6,607.00","6,656.50","6,732.24","7,071.50","4,955.00",855609,"5,76,01,62,326.00",82443
06-Nov-2025,EQ,"6,792.50","6,904.50","6,764.00","6,804.50","6,875.00","6,883.50","6,841.38","7,071.50","4,955.00",721954,"4,93,91,60,684.50",56418
04-Nov-2025,EQ,"6,803.00","6,866.00","6,757.00","6,804.00","6,818.00","6,804.50","6,807.22","7,071.50","4,955.00",801413,"5,45,53,96,699.00",48503
03-Nov-2025,EQ,"6,738.00","6,861.50","6,732.00","6,738.00","6,790.00","6,804.00","6,809.83","7,071.50","4,955.00",499591,"3,40,21,30,077.00",47962
31-Oct-2025,EQ,"6,642.00","6,775.00","6,608.50","6,655.00","6,750.00","6,738.00","6,704.63","7,071.50","4,955.00",507645,"3,40,35,69,976.50",54319
30-Oct-2025,EQ,"6,545.00","6,695.00","6,536.50","6,512.00","6,645.00","6,655.00","6,630.90","7,071.50","4,955.00",537064,"3,56,12,15,307.00",48783
29-Oct-2025,EQ,"6,450.00","6,538.50","6,450.00","6,438.50","6,508.50","6,512.00","6,489.07","7,071.50","4,955.00",325673,"2,11,33,16,306.00",33427
28-Oct-2025,EQ,"6,495.00","6,514.50","6,383.00","6,490.00","6,430.00","6,438.50","6,430.94","7,071.50","4,955.00",305957,"1,96,75,90,078.50",40173
27-Oct-2025,EQ,"6,610.00","6,610.00","6,468.50","6,593.00","6,490.00","6,490.00","6,499.39","7,071.50","4,955.00",342190,"2,22,40,26,067.00",35837
24-Oct-2025,EQ,"6,564.00","6,675.00","6,535.00","6,565.50","6,610.00","6,593.00","6,567.34","7,071.50","4,955.00",250640,"1,64,60,38,048.00",33372
23-Oct-2025,EQ,"6,600.00","6,627.50","6,548.50","6,587.00","6,564.00","6,565.50","6,588.25","7,071.50","4,955.00",286780,"1,88,93,78,496.00",26489
21-Oct-2025,EQ,"6,648.00","6,657.00","6,553.00","6,604.00","6,562.00","6,587.00","6,613.95","7,071.50","4,955.00",32977,"21,81,08,290.00",4022
20-Oct-2025,EQ,"6,645.00","6,669.00","6,570.50","6,621.50","6,618.00","6,604.00","6,608.51","7,071.50","4,955.00",368513,"2,43,53,20,393.00",24099
17-Oct-2025,EQ,"6,580.00","6,647.00","6,556.50","6,600.50","6,620.00","6,621.50","6,610.20","7,071.50","4,955.00",302575,"2,00,00,82,349.00",36676
16-Oct-2025,EQ,"6,573.00","6,632.50","6,538.50","6,573.00","6,584.50","6,600.50","6,597.44","7,071.50","4,955.00",335444,"2,21,30,70,406.00",30791
15-Oct-2025,EQ,"6,580.00","6,608.50","6,527.00","6,561.00","6,556.00","6,573.00","6,564.26","7,071.50","4,955.00",462127,"3,03,35,20,568.00",40163
14-Oct-2025,EQ,"6,570.00","6,585.00","6,495.00","6,556.00","6,550.00","6,561.00","6,550.55","7,071.50","4,955.00",321275,"2,10,45,28,653.50",45278
13-Oct-2025,EQ,"6,465.50","6,620.00","6,439.50","6,474.50","6,565.00","6,556.00","6,562.68","7,071.50","4,955.00",905107,"5,93,99,29,894.00",77982
10-Oct-2025,EQ,"6,132.50","6,507.50","6,110.00","6,132.00","6,489.00","6,474.50","6,385.26","7,071.50","4,955.00",1651908,"10,54,78,56,149.00",145261
09-Oct-2025,EQ,"6,149.00","6,218.50","6,123.50","6,120.50","6,123.50","6,132.00","6,160.57","7,071.50","4,955.00",336390,"2,07,23,53,877.00",39477
08-Oct-2025,EQ,"6,115.00","6,267.50","6,104.00","6,104.50","6,106.00","6,120.50","6,193.69","7,071.50","4,955.00",874932,"5,41,90,60,698.00",60850
07-Oct-2025,EQ,"5,860.00","6,120.00","5,831.50","5,826.50","6,116.00","6,104.50","6,039.39","7,071.50","4,955.00",1024126,"6,18,50,91,536.00",69088
06-Oct-2025,EQ,"5,885.00","5,898.00","5,802.50","5,866.00","5,816.00","5,826.50","5,840.55","7,071.50","4,955.00",196219,"1,14,60,27,480.50",25613
03-Oct-2025,EQ,"5,759.50","5,932.00","5,746.00","5,710.00","5,851.50","5,866.00","5,818.63","7,071.50","4,955.00",655087,"3,81,17,07,931.50",50675
01-Oct-2025,EQ,"5,692.50","5,749.50","5,675.00","5,689.50","5,710.50","5,710.00","5,702.60","7,071.50","4,955.00",721666,"4,11,53,75,142.50",45371
30-Sep-2025,EQ,"5,713.50","5,736.50","5,665.00","5,697.50","5,692.00","5,689.50","5,700.55","7,071.50","4,955.00",281179,"1,60,28,74,776.50",44769
29-Sep-2025,EQ,"5,717.00","5,735.00","5,636.50","5,689.50","5,715.00","5,697.50","5,686.87","7,071.50","4,955.00",467714,"2,65,98,30,594.50",54868
26-Sep-2025,EQ,"5,824.00","5,824.00","5,656.50","5,897.00","5,675.00","5,689.50","5,738.98","7,071.50","4,955.00",672699,"3,86,06,09,130.50",80868
25-Sep-2025,EQ,"5,985.00","6,011.00","5,885.00","5,984.00","5,914.00","5,897.00","5,932.98","7,071.50","4,955.00",210498,"1,24,88,79,492.50",24786
24-Sep-2025,EQ,"6,037.00","6,078.50","5,965.00","6,051.00","5,978.00","5,984.00","6,023.74","7,071.50","4,955.00",253046,"1,52,42,82,369.50",30795
23-Sep-2025,EQ,"6,092.50","6,128.00","6,006.50","6,092.50","6,038.50","6,051.00","6,046.45","7,071.50","4,955.00",264356,"1,59,84,14,517.50",38758
22-Sep-2025,EQ,"6,200.00","6,201.00","6,081.00","6,200.00","6,092.00","6,092.50","6,118.87","7,071.50","4,955.00",290634,"1,77,83,52,544.50",29937
19-Sep-2025,EQ,"6,187.00","6,280.00","6,156.50","6,112.00","6,200.00","6,200.00","6,224.13","7,071.50","4,955.00",734989,"4,57,46,67,599.50",58978
18-Sep-2025,EQ,"6,052.00","6,129.50","6,042.00","6,051.50","6,129.00","6,112.00","6,086.93","7,071.50","4,955.00",480382,"2,92,40,50,461.50",28670
17-Sep-2025,EQ,"6,089.00","6,138.50","6,037.00","6,099.50","6,054.00","6,051.50","6,084.27","7,071.50","4,955.00",413995,"2,51,88,56,597.00",31526
16-Sep-2025,EQ,"6,125.00","6,175.00","6,060.50","6,057.00","6,084.50","6,099.50","6,094.22","7,071.50","4,955.00",285215,"1,73,81,63,290.50",30317
15-Sep-2025,EQ,"6,011.00","6,065.50","5,974.00","6,026.50","6,050.00","6,057.00","6,043.90","7,071.50","4,955.00",152355,"92,08,18,176.50",14919
12-Sep-2025,EQ,"6,025.00","6,083.50","6,004.00","6,015.50","6,022.00","6,026.50","6,037.90","7,071.50","4,955.00",487571,"2,94,39,06,045.50",32766
11-Sep-2025,EQ,"6,035.00","6,075.00","5,996.00","6,031.50","6,025.00","6,015.50","6,021.59","7,071.50","4,955.00",258301,"1,55,53,83,195.00",36263
10-Sep-2025,EQ,"6,015.00","6,043.00","5,896.50","6,002.50","6,030.00","6,031.50","5,951.95","7,071.50","4,955.00",810989,"4,82,69,67,384.50",49960
09-Sep-2025,EQ,"6,025.00","6,050.00","5,997.50","6,027.50","6,005.00","6,002.50","6,011.26","7,071.50","4,955.00",254569,"1,53,02,79,699.00",30348
08-Sep-2025,EQ,"6,029.00","6,066.00","5,940.00","6,009.00","6,031.50","6,027.50","6,001.18","7,071.50","4,955.00",519368,"3,11,68,22,524.50",37128
05-Sep-2025,EQ,"6,133.50","6,177.50","6,002.50","6,133.50","6,021.00","6,009.00","6,064.21","7,071.50","4,955.00",213926,"1,29,72,91,748.50",32384
04-Sep-2025,EQ,"6,163.00","6,197.50","6,093.50","6,164.00","6,130.00","6,133.50","6,133.34","7,071.50","4,955.00",294429,"1,80,58,33,550.50",35250
03-Sep-2025,EQ,"6,145.00","6,188.00","6,097.00","6,120.50","6,163.00","6,164.00","6,150.89","7,071.50","4,955.00",281110,"1,72,90,75,907.50",30046
02-Sep-2025,EQ,"6,093.00","6,148.50","6,059.50","6,093.00","6,119.00","6,120.50","6,107.14","7,071.50","4,955.00",307162,"1,87,58,82,774.50",23592
01-Sep-2025,EQ,"6,131.50","6,135.00","6,064.00","6,131.50","6,090.00","6,093.00","6,093.28","7,071.50","4,955.00",192062,"1,17,02,87,032.00",26963
29-Aug-2025,EQ,"6,132.00","6,177.50","6,092.00","6,132.00","6,095.00","6,131.50","6,141.00","7,071.50","4,858.95",283850,"1,74,31,22,960.50",29986
28-Aug-2025,EQ,"6,275.00","6,275.00","6,108.50","6,190.50","6,135.00","6,132.00","6,146.47","7,071.50","4,858.95",415482,"2,55,37,49,658.50",42228
26-Aug-2025,EQ,"6,260.00","6,260.00","6,120.00","6,248.50","6,195.00","6,190.50","6,187.22","7,071.50","4,858.95",546739,"3,38,27,92,694.00",54834
25-Aug-2025,EQ,"6,255.00","6,314.50","6,204.00","6,151.50","6,242.00","6,248.50","6,249.25","7,071.50","4,858.95",439686,"2,74,77,07,506.50",44517
22-Aug-2025,EQ,"6,088.00","6,188.00","6,088.00","6,028.00","6,154.00","6,151.50","6,145.04","7,071.50","4,615.55",681524,"4,18,79,95,368.50",65942
21-Aug-2025,EQ,"6,005.00","6,060.00","5,988.00","6,005.00","6,030.00","6,028.00","6,024.45","7,071.50","4,615.55",219909,"1,32,48,30,777.50",25419
20-Aug-2025,EQ,"6,084.00","6,096.00","5,952.50","6,079.50","6,005.00","6,005.00","6,004.39","7,071.50","4,615.55",544008,"3,26,64,37,122.50",61661
19-Aug-2025,EQ,"6,165.00","6,170.50","6,075.00","6,164.50","6,093.50","6,079.50","6,119.59","7,071.50","4,615.55",246497,"1,50,84,60,536.00",29466
18-Aug-2025,EQ,"6,148.00","6,211.50","6,092.50","6,132.50","6,154.50","6,164.50","6,169.57","7,071.50","4,615.55",362833,"2,23,85,23,526.00",59465
14-Aug-2025,EQ,"6,155.00","6,205.00","6,091.00","6,100.50","6,133.00","6,132.50","6,138.23","7,071.50","4,615.55",407062,"2,49,86,39,297.50",51936
13-Aug-2025,EQ,"5,971.00","6,150.00","5,970.00","5,961.00","6,084.00","6,100.50","6,076.12","7,071.50","4,615.55",394932,"2,39,96,53,321.00",62453
12-Aug-2025,EQ,"5,992.00","6,015.00","5,947.00","5,992.00","5,966.00","5,961.00","5,984.49","7,071.50","4,615.55",477759,"2,85,91,44,006.50",46979
11-Aug-2025,EQ,"5,891.00","6,016.00","5,856.50","5,914.50","5,980.00","5,992.00","5,938.71","7,071.50","4,615.55",677693,"4,02,46,20,835.00",75565
08-Aug-2025,EQ,"6,100.00","6,118.00","5,893.50","6,131.50","5,910.00","5,914.50","5,994.74","7,071.50","4,615.55",541367,"3,24,53,53,474.00",54156
07-Aug-2025,EQ,"6,150.00","6,174.50","5,960.50","6,133.50","6,126.00","6,131.50","6,062.32","7,071.50","4,615.55",1004420,"6,08,91,18,032.00",93973
06-Aug-2025,EQ,"6,410.50","6,449.00","6,054.50","6,409.00","6,183.00","6,133.50","6,191.63","7,071.50","4,615.55",984259,"6,09,41,64,379.00",104663
05-Aug-2025,EQ,"6,489.50","6,530.50","6,363.50","6,489.50","6,410.50","6,409.00","6,417.67","7,071.50","4,615.55",377699,"2,42,39,47,131.50",56600
04-Aug-2025,EQ,"6,372.00","6,513.50","6,343.00","6,361.50","6,482.50","6,489.50","6,444.77","7,071.50","4,615.55",351237,"2,26,36,40,142.00",40164
01-Aug-2025,EQ,"6,598.00","6,598.00","6,335.50","6,595.50","6,425.00","6,361.50","6,416.29","7,071.50","4,615.55",467222,"2,99,78,33,289.00",53048
31-Jul-2025,EQ,"6,556.00","6,662.50","6,552.00","6,650.00","6,593.00","6,595.50","6,604.67","7,071.50","4,615.55",208301,"1,37,57,60,265.50",31944
30-Jul-2025,EQ,"6,643.50","6,733.50","6,601.50","6,676.50","6,644.00","6,650.00","6,674.19","7,071.50","4,615.55",226974,"1,51,48,66,638.00",33707
29-Jul-2025,EQ,"6,580.00","6,688.00","6,473.00","6,584.00","6,674.50","6,676.50","6,590.36","7,071.50","4,615.55",207710,"1,36,88,84,554.50",38514
28-Jul-2025,EQ,"6,616.50","6,713.50","6,555.50","6,616.50","6,581.50","6,584.00","6,627.29","7,071.50","4,615.55",155158,"1,02,82,77,207.50",23340
25-Jul-2025,EQ,"6,598.00","6,652.00","6,569.00","6,618.50","6,628.00","6,616.50","6,616.33","7,071.50","4,395.30",179064,"1,18,47,45,938.50",23334
24-Jul-2025,EQ,"6,653.00","6,683.50","6,600.00","6,653.00","6,627.50","6,618.50","6,634.38","7,071.50","4,395.30",183852,"1,21,97,44,487.00",23739
23-Jul-2025,EQ,"6,641.00","6,679.00","6,616.00","6,613.00","6,643.00","6,653.00","6,652.39","7,071.50","4,395.30",206835,"1,37,59,46,116.00",19434
22-Jul-2025,EQ,"6,685.00","6,685.00","6,579.50","6,688.00","6,631.50","6,613.00","6,614.55","7,071.50","4,395.30",272172,"1,80,02,96,372.50",44095
21-Jul-2025,EQ,"6,742.00","6,746.00","6,663.50","6,731.50","6,683.00","6,688.00","6,695.73","7,071.50","4,395.30",152442,"1,02,07,10,932.00",17631
18-Jul-2025,EQ,"6,780.00","6,781.50","6,682.50","6,790.50","6,711.00","6,731.50","6,730.87","7,071.50","4,395.30",196816,"1,32,47,42,506.50",24798
17-Jul-2025,EQ,"6,830.50","6,881.00","6,763.00","6,831.00","6,773.00","6,790.50","6,804.72","7,071.50","4,395.30",291956,"1,98,66,79,899.50",24926
16-Jul-2025,EQ,"6,790.00","6,859.50","6,751.00","6,790.00","6,828.00","6,831.00","6,807.83","7,071.50","4,395.30",327289,"2,22,81,27,382.50",30307
15-Jul-2025,EQ,"6,800.00","6,818.50","6,734.50","6,778.50","6,777.00","6,790.00","6,775.18","7,071.50","4,395.30",132235,"89,59,16,350.00",26213
14-Jul-2025,EQ,"6,650.00","6,825.50","6,545.00","6,835.00","6,787.00","6,778.50","6,699.30","7,071.50","4,395.30",968781,"6,49,01,54,456.50",97845
11-Jul-2025,EQ,"6,830.00","6,905.50","6,825.00","6,844.50","6,826.50","6,835.00","6,860.78","7,071.50","4,395.30",224031,"1,53,70,27,484.50",31411
10-Jul-2025,EQ,"6,960.00","6,982.50","6,830.00","6,983.50","6,830.00","6,844.50","6,883.49","7,071.50","4,395.30",183664,"1,26,42,49,618.50",28617
09-Jul-2025,EQ,"6,930.00","7,009.50","6,920.00","6,938.00","6,986.00","6,983.50","6,963.55","7,071.50","4,395.30",382020,"2,66,02,16,794.00",41303
08-Jul-2025,EQ,"7,002.00","7,071.50","6,911.00","6,888.50","6,930.00","6,938.00","6,968.38","7,071.50","4,395.30",531444,"3,70,33,03,954.00",54785
07-Jul-2025,EQ,"6,915.00","6,931.00","6,861.00","6,906.50","6,868.50","6,888.50","6,890.76","6,945.00","4,395.30",85574,"58,96,70,022.50",13586
04-Jul-2025,EQ,"6,880.00","6,945.00","6,870.00","6,876.00","6,920.00","6,906.50","6,908.54","6,945.00","4,395.30",243498,"1,68,22,14,740.00",26558
03-Jul-2025,EQ,"6,888.00","6,940.00","6,853.00","6,859.50","6,866.00","6,876.00","6,892.15","6,940.00","4,395.30",302964,"2,08,80,72,606.50",41304
02-Jul-2025,EQ,"6,856.50","6,885.50","6,743.00","6,856.50","6,867.00","6,859.50","6,820.52","6,885.50","4,395.30",437491,"2,98,39,14,142.00",65697
01-Jul-2025,EQ,"6,828.50","6,875.00","6,696.00","6,809.50","6,875.00","6,856.50","6,796.53","6,875.00","4,395.30",385716,"2,62,15,30,728.50",51974
30-Jun-2025,EQ,"6,680.00","6,829.00","6,666.00","6,658.00","6,828.00","6,809.50","6,755.21","6,862.50","4,395.30",599664,"4,05,08,53,261.50",61723
27-Jun-2025,EQ,"6,551.00","6,694.00","6,551.00","6,616.00","6,655.00","6,658.00","6,654.45","6,862.50","4,395.30",545217,"3,62,81,19,026.50",55068
26-Jun-2025,EQ,"6,589.00","6,628.00","6,539.00","6,586.50","6,601.50","6,616.00","6,594.84","6,862.50","4,395.30",404238,"2,66,58,84,774.50",44088
25-Jun-2025,EQ,"6,585.00","6,607.50","6,520.00","6,565.50","6,575.00","6,586.50","6,571.55","6,862.50","4,395.30",234226,"1,53,92,27,893.00",27946
24-Jun-2025,EQ,"6,680.00","6,680.00","6,555.00","6,636.00","6,556.50","6,565.50","6,618.17","6,862.50","4,395.30",270144,"1,78,78,57,793.50",39934
23-Jun-2025,EQ,"6,570.00","6,664.50","6,560.00","6,592.00","6,638.00","6,636.00","6,625.76","6,862.50","4,395.30",478962,"3,17,34,86,912.00",62157
20-Jun-2025,EQ,"6,500.00","6,602.50","6,455.50","6,493.00","6,561.50","6,592.00","6,551.14","6,862.50","4,395.30",560932,"3,67,47,43,218.00",48814
19-Jun-2025,EQ,"6,545.00","6,566.50","6,480.00","6,549.00","6,480.50","6,493.00","6,512.14","6,862.50","4,395.30",240502,"1,56,61,83,016.00",42358
18-Jun-2025,EQ,"6,548.00","6,649.00","6,513.00","6,538.00","6,544.00","6,549.00","6,581.60","6,862.50","4,395.30",447218,"2,94,34,09,495.50",34498
17-Jun-2025,EQ,"6,690.00","6,702.50","6,490.50","6,687.50","6,530.00","6,538.00","6,563.48","6,862.50","4,395.30",341004,"2,23,81,73,000.50",44259
16-Jun-2025,EQ,"6,632.00","6,698.00","6,615.00","6,667.00","6,690.50","6,687.50","6,667.68","6,862.50","4,395.30",166374,"1,10,93,28,666.50",20410
13-Jun-2025,EQ,"6,700.00","6,720.50","6,611.00","6,725.00","6,670.00","6,667.00","6,663.92","6,862.50","4,395.30",431430,"2,87,50,15,483.50",50315
12-Jun-2025,EQ,"6,719.00","6,862.50","6,706.00","6,719.00","6,707.00","6,725.00","6,790.66","6,862.50","4,395.30",647651,"4,39,79,76,032.00",53391
11-Jun-2025,EQ,"6,680.00","6,766.00","6,680.00","6,674.00","6,729.00","6,719.00","6,731.44","6,766.00","4,395.30",539922,"3,63,44,52,460.00",48317
10-Jun-2025,EQ,"6,644.50","6,697.00","6,611.00","6,633.00","6,674.00","6,674.00","6,664.12","6,764.00","4,395.30",288574,"1,92,30,92,563.50",30369
09-Jun-2025,EQ,"6,557.50","6,654.50","6,547.50","6,544.50","6,640.00","6,633.00","6,601.56","6,764.00","4,395.30",254156,"1,67,78,27,286.50",34255
06-Jun-2025,EQ,"6,630.00","6,630.00","6,505.00","6,628.50","6,557.50","6,544.50","6,530.81","6,764.00","4,180.50",361092,"2,35,82,22,820.50",46675
05-Jun-2025,EQ,"6,628.00","6,679.00","6,608.00","6,618.00","6,610.50","6,628.50","6,638.39","6,764.00","4,180.50",200706,"1,33,23,64,024.50",24721
04-Jun-2025,EQ,"6,550.00","6,649.50","6,530.00","6,530.00","6,625.00","6,618.00","6,615.25","6,764.00","4,180.50",407206,"2,69,37,68,340.00",43599
03-Jun-2025,EQ,"6,544.00","6,600.00","6,514.50","6,539.00","6,549.50","6,530.00","6,552.89","6,764.00","4,180.50",398776,"2,61,31,33,726.50",39172
02-Jun-2025,EQ,"6,614.50","6,631.00","6,520.00","6,612.00","6,540.00","6,539.00","6,559.51","6,764.00","4,180.50",283232,"1,85,78,63,745.00",33380
30-May-2025,EQ,"6,601.50","6,667.50","6,541.00","6,631.50","6,610.00","6,612.00","6,600.94","6,764.00","4,180.50",786589,"5,19,22,27,308.50",51040
29-May-2025,EQ,"6,645.00","6,670.50","6,603.00","6,636.00","6,620.00","6,631.50","6,634.58","6,764.00","4,180.50",364770,"2,42,00,97,569.50",35372
28-May-2025,EQ,"6,730.00","6,750.00","6,620.00","6,698.00","6,620.00","6,636.00","6,698.19","6,764.00","4,180.50",312692,"2,09,44,71,899.00",41539
27-May-2025,EQ,"6,725.00","6,760.50","6,684.00","6,737.00","6,687.00","6,698.00","6,728.40","6,764.00","4,180.50",294304,"1,98,01,95,108.00",36074
26-May-2025,EQ,"6,640.00","6,764.00","6,592.50","6,483.00","6,727.00","6,737.00","6,722.15","6,764.00","4,180.50",1467231,"9,86,29,49,388.00",107760
23-May-2025,EQ,"6,560.00","6,560.00","6,457.00","6,538.00","6,482.50","6,483.00","6,495.70","6,705.00","3,850.00",224119,"1,45,58,10,774.00",30792
22-May-2025,EQ,"6,540.00","6,570.00","6,458.00","6,552.00","6,542.00","6,538.00","6,529.72","6,705.00","3,850.00",326992,"2,13,51,67,027.50",42897
21-May-2025,EQ,"6,454.00","6,596.50","6,454.00","6,452.50","6,554.00","6,552.00","6,555.27","6,705.00","3,850.00",510445,"3,34,61,07,305.00",57431
20-May-2025,EQ,"6,580.00","6,595.00","6,433.00","6,580.00","6,449.50","6,452.50","6,500.67","6,705.00","3,850.00",448280,"2,91,41,20,728.50",50141
19-May-2025,EQ,"6,400.00","6,705.00","6,333.50","6,279.50","6,567.50","6,580.00","6,578.12","6,705.00","3,850.00",2712326,"17,84,19,97,575.00",210823
16-May-2025,EQ,"6,239.00","6,323.00","6,162.00","6,214.50","6,268.00","6,279.50","6,251.55","6,323.00","3,724.00",556329,"3,47,79,17,673.00",72951
15-May-2025,EQ,"6,198.50","6,259.50","6,163.50","6,215.50","6,238.00","6,214.50","6,210.80","6,308.50","3,724.00",462230,"2,87,08,19,757.50",47135
14-May-2025,EQ,"6,100.00","6,282.50","6,055.50","6,076.50","6,200.00","6,215.50","6,204.76","6,308.50","3,724.00",576348,"3,57,61,02,931.50",64206
13-May-2025,EQ,"5,955.50","6,147.50","5,955.00","5,942.00","6,081.00","6,076.50","6,102.02","6,308.50","3,724.00",759310,"4,63,33,26,932.50",59600
12-May-2025,EQ,"6,035.00","6,044.00","5,878.50","6,025.50","5,948.00","5,942.00","5,946.90","6,308.50","3,724.00",705516,"4,19,56,34,981.50",114779
09-May-2025,EQ,"5,841.50","6,055.50","5,841.50","5,960.50","6,045.00","6,025.50","5,965.98","6,308.50","3,724.00",449984,"2,68,45,93,331.50",61883
08-May-2025,EQ,"6,172.50","6,184.00","5,920.00","6,148.00","5,940.00","5,960.50","6,033.53","6,308.50","3,724.00",364862,"2,20,14,05,919.50",41665
07-May-2025,EQ,"6,085.00","6,170.00","6,059.50","6,161.00","6,150.00","6,148.00","6,133.04","6,308.50","3,724.00",346799,"2,12,69,31,970.50",40154
06-May-2025,EQ,"6,110.00","6,178.50","5,970.00","6,124.50","6,148.00","6,161.00","6,128.62","6,308.50","3,724.00",344379,"2,11,05,68,427.50",39917
05-May-2025,EQ,"6,205.50","6,208.00","6,096.00","6,104.00","6,137.00","6,124.50","6,137.22","6,308.50","3,724.00",399200,"2,44,99,78,100.00",33717
02-May-2025,EQ,"6,080.00","6,153.00","6,045.50","6,087.00","6,081.00","6,104.00","6,102.22","6,308.50","3,724.00",1015136,"6,19,45,82,108.50",49483
30-Apr-2025,EQ,"6,115.50","6,136.00","6,015.50","6,108.00","6,056.50","6,087.00","6,097.76","6,308.50","3,724.00",489551,"2,98,51,66,721.50",35009
29-Apr-2025,EQ,"6,055.00","6,130.00","5,916.00","6,026.50","6,109.00","6,108.00","6,032.41","6,308.50","3,724.00",640125,"3,86,14,94,602.00",53979
28-Apr-2025,EQ,"6,015.00","6,125.00","5,992.00","6,012.50","6,031.50","6,026.50","6,074.18","6,308.50","3,724.00",317230,"1,92,69,12,759.00",43164
25-Apr-2025,EQ,"6,240.00","6,285.00","5,964.50","6,215.50","6,027.00","6,012.50","6,089.55","6,308.50","3,675.00",964571,"5,87,38,03,567.00",61124
24-Apr-2025,EQ,"5,982.50","6,308.50","5,953.50","5,924.50","6,224.50","6,215.50","6,211.42","6,308.50","3,675.00",2081063,"12,92,63,58,155.00",146361
23-Apr-2025,EQ,"5,927.00","5,975.00","5,891.50","5,911.50","5,932.50","5,924.50","5,916.47","6,285.45","3,675.00",637067,"3,76,91,88,656.50",50817
22-Apr-2025,EQ,"5,884.50","6,018.50","5,823.00","5,891.50","5,909.50","5,911.50","5,950.57","6,285.45","3,675.00",666774,"3,96,76,88,300.50",65737
21-Apr-2025,EQ,"5,850.00","5,920.00","5,799.00","5,640.00","5,907.00","5,891.50","5,857.84","6,285.45","3,675.00",717346,"4,20,20,95,555.50",67165